1.952081465900201707e-03,1.033555830014272381e+01
5.666266446330281426e-03,7.218099927859183751e+00
1.131926807578564897e-02,1.229071388312793189e+01
2.574055603428826444e-02,6.052230979099928909e+00
2.965984224468920516e-02,1.302068073168744888e+01
3.630991005727501886e-02,1.260307196056854195e+01
3.710944073008537458e-02,1.880323426422798860e+01
4.003432992934263801e-02,1.083135101581182802e+01
4.554597921515579628e-02,1.902797374443917633e+01
5.906389012824919682e-02,1.101363258874512496e+01
7.503903051543803215e-02,8.738143238054453477e+00
8.532045918672515050e-02,1.608819713929860740e+01
8.891210593483633851e-02,1.398021512442926984e+01
1.072268698625256089e-01,3.599338764260048507e+00
1.281417709684440354e-01,-7.588286810419972994e-01
1.419417014452517556e-01,8.943422488612188914e+00
1.542578642808967171e-01,2.017093071779203584e+01
1.688843107535986654e-01,1.448567808533191226e+01
1.808570629898487159e-01,1.372753687788968335e+01
1.931160451073987705e-01,4.436491018966144395e+00
1.992831839937447835e-01,3.357991610658697113e-01
2.008124238458575128e-01,3.413727090367224548e+00
2.182920078648509232e-01,1.244921740972398005e+01
2.239597367522694338e-01,1.262056782654997100e+01
2.263267965978310592e-01,6.858899308381284143e+00
2.273562280346497211e-01,1.454332872286004630e+01
2.308134801953320991e-01,7.251519562378982542e+00
2.436034654415641931e-01,2.437960182895249162e+01
2.515295654920146617e-01,1.190906828070276013e+01
2.545510586484234228e-01,2.400722086731627236e+00
2.671392288024443395e-01,1.051425741089624033e+01
2.674027302416170926e-01,8.595189937245136136e+00
2.920006880489167678e-01,1.562161247832780120e+01
2.927389075888331416e-01,1.546449158427737025e+01
3.017936281945321486e-01,1.024294583831973782e+01
3.022884085088173300e-01,1.047494649456503701e+01
3.146041587800663120e-01,1.001877916628132681e+01
3.269845130433290947e-01,1.265315668728564980e+01
3.294007524875852688e-01,7.469803899272915437e+00
3.414736593182576829e-01,1.095589460431553519e+01
3.625603990036119217e-01,7.695089549235211379e+00
4.055278303369924675e-01,3.858660394328420118e+00
4.289183963787490672e-01,1.187113199890760384e+01
4.329970957528950226e-01,1.463443806882309772e+01
4.335729979303504233e-01,5.721415199019688202e+00
4.378107843144340983e-01,1.321331219364078891e+01
4.557022528909060455e-01,1.977081822700739977e+01
4.666486574089601103e-01,1.711845469818388210e+01
4.841806006466853329e-01,1.357154570106867197e+01
4.892202181805893613e-01,7.387108434714224181e+00
4.925277248002446484e-01,1.033228160020900077e+01
5.048886638370253532e-01,1.180154923855628013e+01
5.136588959950183497e-01,1.132760648744958587e+01
5.161140241761530412e-01,1.110301943003410230e+00
5.199926620385009191e-01,1.358146639985519855e+01
5.552269576383905836e-01,1.592977003878464259e+01
5.741689137455374681e-01,1.242030741746797595e+01
5.758459811248317628e-01,9.364029154701411173e+00
5.769964436648888917e-01,4.739743392773831054e+00
5.880181502782744207e-01,1.181351572163860197e+01
5.884715868078316259e-01,-2.705533012345711086e+00
6.037999677188754521e-01,2.069520154511482701e+01
6.071298545135062064e-01,7.237293373833095345e+00
6.215238672248724061e-01,1.516127458604723088e+01
6.408026081282114372e-01,4.098854582804827729e+00
6.527698328209041723e-01,1.421571518740046614e+01
6.833112648932526678e-01,1.319125175045814302e+01
6.938483255994565280e-01,1.690115244592966803e+01
7.126680308556176957e-01,9.258785674003013000e+00
7.231587316783616437e-01,1.266109018443440348e+01
7.242686767710504459e-01,1.135293923477138378e+01
7.278633639258225152e-01,7.296341465433146212e+00
7.338973744581600567e-01,6.577421386041288898e+00
7.345341574580344091e-01,6.217420742125900901e+00
7.519391093337490783e-01,3.406379052227148208e+00
7.577396859365548298e-01,1.167968353580724639e+01
7.581927634905172297e-01,1.574018884384210892e+01
7.845852316540657956e-01,8.642143065691671566e+00
8.104700947830267843e-01,1.045546188176859381e+01
8.223272308845075429e-01,7.832763962367189414e+00
8.247238460873929089e-01,1.687407357921049567e+01
8.429739020698912011e-01,9.387264135352889838e+00
8.440132523528653952e-01,3.648799072310389136e-01
8.511848682737643834e-01,1.319014524227531382e+01
8.612905752930477554e-01,1.697293766264397519e+01
8.771804210881162245e-01,6.370776047640711148e+00
9.029938994692587872e-01,6.975582540881934079e+00
9.047024966871730633e-01,1.115960408600117404e+01
9.237587231820976186e-01,4.245518241569929963e+00
9.271798767383399031e-01,1.872654535249225916e+01
9.332165176662921002e-01,8.948520154641380842e+00
9.410623339392365505e-01,1.067352763590099585e+01
9.550103552820954356e-01,7.182086701575048693e+00
9.581251293075232489e-01,8.846434905120812431e-01
9.643305995276174603e-01,1.481175952274437790e+01
9.645063199120784692e-01,1.153161495491294097e+01
9.702405504243505341e-01,6.447409824604052986e+00
9.743468547930955737e-01,8.883605767752618121e+00
9.829418728722882914e-01,-2.352132876779466031e+00
9.834487350711040854e-01,6.659356086669072639e+00
9.872722709923287265e-01,1.085825145059945562e+01
1.008639557933430630e+00,2.069423717116590211e+01
1.018023810570296561e+00,9.705718126961759395e+00
1.022190444910264784e+00,1.044738574692818744e+01
1.070002396276100720e+00,4.964472113533870967e+00
1.075937497421954880e+00,1.056373589563734683e+01
1.086139759141464545e+00,1.510095498013423310e+01
1.094469000446277596e+00,-8.653219019637212739e-01
1.102568610424922158e+00,1.335187486036705629e+01
1.107018281813870741e+00,1.412250097576134067e+01
1.108662902504586878e+00,1.099467982193067428e+01
1.109177042202679209e+00,1.365937824401883915e+01
1.163799101774524170e+00,8.183983677758876141e+00
1.184977458363768443e+00,4.862555401828130286e+00
1.201810542225798528e+00,1.421784645452545170e+01
1.203568589844939973e+00,1.262218031223615711e+01
1.208374314893746471e+00,1.366188200515873774e+01
1.218151049250630891e+00,1.090880725130819329e+01
1.219055937087605290e+00,5.015754548076561292e+00
1.227509377925060097e+00,1.930253416752275086e+01
1.238379651358625377e+00,1.415266825217317859e+01
1.241514331111887026e+00,5.502844363674958217e+00
1.247739555213459584e+00,1.058131743742336006e+01
1.251518180481905329e+00,1.044891156813376298e+01
1.272560451704914941e+00,5.119565534620207359e+00
1.274042796389019960e+00,2.109067076266813601e+01
1.282093200599195848e+00,8.384864394665740406e+00
1.289870118282991918e+00,1.018937438991059352e+01
1.295142319666598985e+00,6.864740320272492369e+00
1.300499269663559776e+00,1.644156011603051226e+01
1.304497558620842934e+00,1.039851294518833669e+01
1.314757085645280599e+00,1.738944159328077887e+01
1.329460030017604044e+00,1.273011380782824986e+01
1.331163453291387411e+00,9.441066702022332890e+00
1.335494916849482294e+00,6.319173510001160565e+00
1.341260502242784813e+00,5.360557588226559034e+00
1.343095301095346139e+00,3.818495861394381130e+00
1.343120324050022241e+00,3.565053801381505849e-01
1.348959842561138212e+00,1.174558196243945396e+01
1.415512636450596551e+00,6.696450625139033441e+00
1.427693306497804793e+00,9.284494263715107110e+00
1.437272759604024674e+00,1.776608195617617980e+01
1.441275362406025939e+00,1.417014352332041582e+01
1.444243090753857262e+00,4.304701891636065092e+00
1.477494252049006418e+00,1.015614595730200875e+01
1.496890546885919493e+00,9.248275049836397699e+00
1.508722850916296432e+00,1.399265903826929325e+01
1.521800187923435521e+00,8.867903977759217682e+00
1.528851532322077489e+00,5.454591585017806388e+00
1.552995369164411610e+00,1.313023597982809676e+01
1.555865769648302477e+00,-1.100177959699930597e+00
1.561935532425118289e+00,1.098443784189976569e+01
1.576278370768001702e+00,1.332169510594565587e+01
1.597565271690087885e+00,9.112724767493711298e+00
1.598540597169244570e+00,1.180324915922314233e+01
1.606373387255206620e+00,6.720584506003977054e-01
1.607625674894321843e+00,2.343413555165918538e+00
1.609995359941585047e+00,7.735838660916663834e+00
1.612260618240928256e+00,1.604623372304642714e+01
1.614667956407770388e+00,7.658480998348284885e+00
1.616130315884454216e+00,1.814652443201946852e+00
1.624359697112426337e+00,1.668064204326055844e+01
1.626900395298839230e+00,1.245077100622549082e+01
1.629515882149309425e+00,1.186146076430757823e+01
1.651362947381377344e+00,-4.064244716435336358e+00
1.666766118604636748e+00,1.331734621385812112e+01
1.675780255194752044e+00,7.761382665098618183e+00
1.680483186720981292e+00,2.632618391248960243e+00
1.683014964660152213e+00,4.908154556793425272e+00
1.685070832635050531e+00,1.291627757458232750e+01
1.685770311600637283e+00,5.338077877160902318e+00
1.693898520147599784e+00,3.842295674232476088e+00
1.699224272831868499e+00,3.360858188913548261e+00
1.722273517047039348e+00,5.153483447999427369e+00
1.726420616332522417e+00,7.611235653458157557e+00
1.735487641783138857e+00,8.706301315922635453e+00
1.739410554443764356e+00,6.854726541485677060e+00
1.740159226579864882e+00,2.589881079872881742e+00
1.753823798988389804e+00,8.045929794320194617e+00
1.773325767540471221e+00,1.209908406130399072e+01
1.776951876268428876e+00,5.272466554654688053e+00
1.796407653888187905e+00,7.650734531791433035e+00
1.797175970834797853e+00,1.602166189810132124e+01
1.802883770691187104e+00,1.405458432492013365e+01
1.803306127148859295e+00,1.537716802503735458e+01
1.804662998995735235e+00,8.145516578650514816e+00
1.809507973280241044e+00,8.781052959138246905e+00
1.811073928751290030e+00,3.000052598962156480e+00
1.814631485425471924e+00,2.130548188998703019e+00
1.817561705260402061e+00,5.033337076440117741e+00
1.837831040449338094e+00,4.223852371461092048e+00
1.842115906270668235e+00,6.689304128816969452e+00
1.842484132699607757e+00,6.611792324936914156e+00
1.843349755074895624e+00,1.399846316695345472e+01
1.843489127641012582e+00,1.274432045968580951e+01
1.850521245068154075e+00,2.408178283486465787e+00
1.863252116666941349e+00,7.216061227030444059e+00
1.864079051346594351e+00,-3.422777585219569652e+00
1.868232493436284836e+00,5.146564744338014918e+00
1.875074819527605685e+00,9.041857528582676551e+00
1.877492761786985209e+00,5.489918643863631154e+00
1.888588603067198335e+00,1.852521049220825056e+00
1.889204123170024063e+00,9.549511072463735317e+00
1.892375898814075974e+00,3.371450611871209979e+00
1.904979258236567663e+00,5.002816245582763166e+00
1.906863717549285298e+00,8.597399463752788407e+00
1.930181566789196390e+00,1.434776948835388133e+01
1.937779005276797362e+00,1.216357398826653125e+01
1.960801168438768283e+00,1.040201352121679079e+01
1.963938783921407305e+00,6.832870863838784281e+00
1.972464639991322599e+00,8.271368837728530821e+00
1.983546943426705012e+00,1.029931111697036883e+01
1.989546727303637130e+00,2.030302158867218409e+01
1.997294461023049195e+00,5.884576425681942169e+00
1.998357632989213872e+00,1.918109585961667918e+01
1.998967909220941142e+00,1.110805004801419038e+01
2.001692775214165554e+00,6.724874693962045846e+00
2.021750515961501016e+00,1.154349644364752869e+01
2.040529199520404458e+00,6.400774297804577628e+00
2.069765538754433365e+00,6.031991229360964546e+00
2.077756261916889002e+00,4.560545749335782162e+00
2.089785592623646160e+00,9.504052994786897912e+00
2.099712901151046474e+00,1.529071001800141616e+01
2.105651367507783700e+00,1.026034766098111994e+01
2.112964665207266446e+00,1.608365717280517160e+01
2.123330863672748592e+00,7.695434732731010641e+00
2.123390201833102786e+00,3.765856796323109101e+00
2.130183743304265853e+00,-6.065121629014971205e-01
2.132743164619133935e+00,4.527060555185522972e+00
2.137436225660191091e+00,-2.071580789001750134e-01
2.170186270554927965e+00,1.015442541932917031e+01
2.194135057379107412e+00,7.832519308081034026e-01
2.205184806110679574e+00,1.915170694227185066e+01
2.206479657016299001e+00,-2.357159456189143576e+00
2.215863489537788222e+00,6.273504016016169693e+00
2.271193043292927261e+00,1.283235649866304584e+01
2.278137936706552402e+00,6.980184541014571309e-01
2.281120501797993860e+00,9.618824966485231442e+00
2.285257785239782624e+00,1.093802099083317714e+01
2.286719600232953731e+00,1.380405286854859170e+01
2.291807511066613401e+00,1.336813358247916383e+01
2.314475662401798139e+00,5.276604902890174031e+00
2.314847100248103029e+00,3.906917050662455537e+00
2.332965997627129973e+00,3.119927236173730023e+00
2.332982940511604042e+00,4.950954906619655205e+00
2.340218477660553020e+00,2.398002005597111186e+00
2.354538767570942603e+00,1.427264096408937988e+01
2.369154695523975285e+00,3.494925980879899363e+00
2.370638532076003724e+00,1.056028893643702915e+01
2.376197022741393994e+00,3.629956027761942483e+00
2.396679949420089883e+00,1.112685386434862878e+01
2.404973157802179351e+00,8.483861494833618622e+00
2.405393626010294827e+00,9.850615667651618779e+00
2.406235408787206431e+00,3.955657681911861179e+00
2.412931050352016271e+00,8.791396400229537278e+00
2.421453066981367197e+00,8.948373482737595808e+00
2.448877406256935174e+00,9.531633390721550469e+00
2.473235599841994148e+00,4.963309394554014986e+00
2.487655700864107366e+00,1.409484113668719374e+01
2.491703480077242183e+00,1.332152470932287258e+01
2.501272198584038264e+00,7.604051989097094122e+00
2.525052853523230834e+00,3.729074326737112255e+00
2.532336383853845962e+00,1.374293705349236916e+01
2.543055955905659804e+00,6.845183452639096444e+00
2.543137393582060923e+00,7.693851805355675033e+00
2.548529491162558003e+00,8.326186062855050807e+00
2.548621834544556819e+00,1.454832519974507399e+01
2.550014121162181624e+00,3.176510708472730649e+00
2.565878411036762508e+00,1.270584955102212454e+01
2.567072981140726462e+00,1.360954108693062103e+01
2.570354905285713087e+00,6.784874152563409311e+00
2.580413745685192772e+00,7.959099352937460736e+00
2.582212211631281562e+00,7.284340501695997006e+00
2.592487786575693676e+00,5.284516099629613883e+00
2.592665079851932397e+00,4.165842566875806341e+00
2.615204250074146586e+00,4.029274000127296418e+00
2.629055932005954777e+00,9.341647094016721553e+00
2.653348265181414423e+00,7.070486262080677875e+00
2.653793474319505741e+00,3.124184360308378317e+00
2.666590998921548383e+00,1.116761641218557344e+01
2.673768732012677063e+00,1.004689360427806477e+01
2.677379851720251835e+00,1.086750335417324109e+01
2.683533248370209012e+00,6.175397475572465211e+00
2.691884901919572304e+00,9.846378651941289917e+00
2.692007765856335944e+00,2.785770679940421601e+00
2.700928814088711327e+00,1.547805227541538287e+01
2.741046544882913771e+00,2.468709010286676886e+00
2.742171781052614499e+00,5.614988524185746677e+00
2.746528090401793243e+00,1.070533268638432745e+01
2.748291309006311245e+00,1.000134583969982671e+01
2.754631811392350471e+00,6.004838838512694288e+00
2.754644645637708500e+00,6.366502579354532898e+00
2.765433001158005055e+00,-6.662109926099626378e-01
2.777370709675561766e+00,8.136326964256671346e+00
2.778312209203601668e+00,5.923395948227526020e+00
2.807945355666258358e+00,1.273947106561115561e+01
2.816570734586603120e+00,4.461124726096457493e+00
2.818722972679338135e+00,-1.180199798007786960e+00
2.823148602584820921e+00,1.155633661125029477e+01
2.842753494654590707e+00,4.691369931662391579e+00
2.846051533936895250e+00,1.310966087382855250e+01
2.852234371610335995e+00,8.964778271426876444e-01
2.871564329197600962e+00,7.109726227557349176e-01
2.877815017731716551e+00,4.629400690995608691e+00
2.897808261804919461e+00,-1.612687105540036470e+00
2.908248978057378586e+00,1.044577730196641951e+01
2.943111536769521308e+00,1.377305389153935700e+01
2.947921220874737180e+00,8.977578881424582491e+00
2.960985062537648815e+00,8.624326714283119699e+00
2.967382037977751352e+00,1.586282883402661525e+01
2.974992554978749482e+00,2.882670346210922219e+00
2.990440324354672885e+00,1.113980990215964795e+01
2.996070705967581738e+00,9.983355377401171182e+00
2.997784921539259351e+00,8.873870049599274168e+00
3.000540093184983270e+00,4.343724102424856959e+00
3.009516418599864629e+00,-5.215770443165622439e+00
3.026740882525883691e+00,6.507779878992934641e+00
3.028755185261318150e+00,2.466702066952471739e+00
3.046299374629832801e+00,1.143170485352705867e+01
3.059628356629622292e+00,5.856206647828615885e+00
3.069459927976254665e+00,5.112216055731077624e+00
3.071563508543047938e+00,1.461736584308313880e+01
3.100676398800313649e+00,-5.408144872114939439e+00
3.104978675357632500e+00,1.167255297749293241e+01
3.106573468351367939e+00,2.631325020978300344e+00
3.128566159389534196e+00,-1.569579893772081292e+00
3.133990702284315866e+00,1.322805196528031857e+01
3.143114169753697951e+00,3.696123859920330101e+00
3.150384895752310399e+00,9.906104754907001819e+00
3.157239372288536128e+00,4.132808347537670457e+00
3.159460694515960899e+00,3.911456964808918357e+00
3.166435690674780368e+00,8.481716908942141586e+00
3.178683371123724122e+00,4.052320015047989443e+00
3.189373636053606020e+00,7.315203435810650134e+00
3.197323108745138143e+00,7.131573768701415794e+00
3.212873229736129765e+00,1.252210622172258425e+00
3.217222321099090010e+00,5.190001245620959658e+00
3.229165375576514840e+00,9.983504668797014148e+00
3.247994430186721182e+00,9.543025378170341355e+00
3.262253683632871937e+00,1.447404904564280947e+00
3.277195084563602201e+00,2.188276906146206180e+00
3.313356557335121799e+00,1.243587568463778226e+01
3.326213185736113243e+00,8.256660999685450975e+00
3.346175161776590912e+00,1.359247866364221480e+01
3.349867982422800594e+00,1.383410938843528193e+01
3.378329997169525534e+00,4.475958771625530019e+00
3.378924875901450076e+00,-2.272269096001521049e+00
3.380805551406970366e+00,4.783267923486372197e+00
3.418016331627474536e+00,8.062733551816462452e+00
3.425864799952647921e+00,6.553680140532909704e+00
3.456838067379957025e+00,2.024121521840775983e-01
3.480823605951174571e+00,5.639817483197449910e+00
3.495350105886658731e+00,9.138094777529685686e+00
3.496397830421618114e+00,7.343487369878076265e+00
3.497862616382047207e+00,-8.648690309458046954e-01
3.503260271765984424e+00,3.627292794055402059e+00
3.526997556857542904e+00,2.434162092817764744e+00
3.537266420016914381e+00,1.727246051432842222e+01
3.538014748789952701e+00,1.264258894220611396e+01
3.542243242830403815e+00,1.333211362546962420e+01
3.546506679038723409e+00,3.522121809082964461e+00
3.562913501446592690e+00,1.172545360178570206e+01
3.566217665197517483e+00,-7.236855997776645566e-01
3.569528362053674186e+00,4.808531005070992848e+00
3.617284822891805085e+00,1.780922947077688612e+00
3.621366115916017314e+00,1.212337472720167320e+01
3.621702284944776640e+00,3.913061729255989274e+00
3.621829369135166843e+00,8.334659888944448980e-01
3.627782571998220185e+00,6.951049351163547385e+00
3.645453296615658090e+00,4.236505505114713799e-01
3.645730763609326353e+00,3.685359044384770133e+00
3.674121093347895162e+00,1.472635197582226851e+01
3.677687031444267785e+00,-2.603190654092285783e+00
3.722010355479930865e+00,7.227104838243118223e+00
3.732414018903399189e+00,6.497444019445462793e+00
3.736291789116319428e+00,6.460033308574987920e+00
3.737649895621530938e+00,6.853639309121823509e+00
3.748991677768481523e+00,4.586125902886052152e+00
3.754514841852701679e+00,4.328902302288696546e+00
3.762386023079629993e+00,5.559460856816582641e+00
3.762958689468698381e+00,6.929525109837770813e+00
3.771440859861342254e+00,6.504054309778972254e+00
3.776670713465665408e+00,-1.370455771449751836e+00
3.781232958937202682e+00,-2.336209054076014979e-01
3.802952663279116408e+00,1.279374250724356621e+01
3.809286325687549990e+00,8.729511875261630749e+00
3.812033402593599796e+00,2.346863036473005870e+00
3.823461229483330115e+00,1.988660982496373464e+00
3.827018749793657193e+00,1.083897696606759098e+01
3.829340454529923665e+00,7.735824749070268069e+00
3.832314750580477991e+00,-2.738147705674261800e+00
3.832920839682163461e+00,2.895645490414790135e+00
3.842117446125258517e+00,2.570962306669883901e-01
3.842311640933300243e+00,6.050185165277160770e+00
3.858264485590362725e+00,8.513785086838485228e+00
3.872011544480420397e+00,-1.216925905966451893e+00
3.875745405114404463e+00,-3.229528046043779632e+00
3.883766201307140342e+00,1.018371057243965083e+01
3.903694425857647587e+00,1.502385908790109426e+01
3.906500495175182497e+00,1.196501139679637760e+01
3.909747177776454752e+00,8.619177694445454563e+00
3.915674408424745234e+00,1.019160671901407689e+00
3.928942511166992890e+00,-1.089951038122160654e+00
3.931045111244482193e+00,-3.654119825383823184e+00
3.938096760700255938e+00,8.536417116047980258e+00
3.944846562885663488e+00,7.290525325486013841e+00
3.955120341826900976e+00,6.668014086795167827e+00
3.965074724066259826e+00,4.835682900441195642e+00
3.992276485015350040e+00,1.359740273847822323e+01
4.011874289204984123e+00,1.528921064510353034e+01
4.019326590808641519e+00,6.606611265490801799e+00
4.032477435663589738e+00,7.601152899153465370e+00
4.039483239229123335e+00,1.110728685334148125e+01
4.041404531962964342e+00,6.964104152313177032e+00
4.044238543343231740e+00,1.303333578852541663e+01
4.046177475995733630e+00,7.922664015130923332e+00
4.053500535891163992e+00,1.382319574741779356e+00
4.059139543746935530e+00,-1.057451370956043135e+00
4.070449027323872926e+00,5.976416240707867367e+00
4.081170652302057889e+00,7.042580482235484496e+00
4.092546086114663417e+00,6.254091132074098169e+00
4.094097312299557423e+00,-3.093219385040155700e-01
4.105719310399337019e+00,7.771193055096187408e+00
4.111433602622435401e+00,7.014024993725271884e-01
4.120377598605683644e+00,3.270144399744329355e+00
4.135512342735447433e+00,5.593268873658814755e+00
4.144296004514398390e+00,-3.505706213735727772e+00
4.146609372591468556e+00,-3.518703614519323786e+00
4.154150727914533547e+00,7.994712529723990713e+00
4.157858171336995312e+00,5.643095636151365113e+00
4.171168852765436696e+00,3.114401502873086258e+00
4.179655129731863816e+00,6.860447911816973665e+00
4.184085124738539996e+00,7.594050974304163759e+00
4.195371842891091774e+00,3.518461227619804621e+00
4.204675729315554555e+00,1.343211194316260659e+01
4.205210676123369851e+00,2.402280089448075362e+00
4.210655634098197098e+00,5.536651912806582310e+00
4.218170743686330937e+00,5.166561859174226612e+00
4.220575738913162844e+00,3.375752876796543678e+00
4.222255147785904938e+00,2.294172497502560581e+00
4.225643629785079014e+00,4.926395371106104371e+00
4.229609431741288006e+00,4.773323616652349166e+00
4.231273245432156216e+00,7.889911095887018888e+00
4.245088924441490441e+00,1.182601981370834565e+01
4.245294037071023041e+00,1.158782850162006639e+01
4.268650472048857836e+00,6.571310731911378156e+00
4.270956584211301532e+00,6.721169190273640126e+00
4.281122497043336139e+00,7.657280477650910910e+00
4.294788153220526539e+00,8.153220646810279248e+00
4.297067355293220814e+00,5.315224915447388732e+00
4.305669341890534518e+00,-2.862008571590024530e+00
4.318243884552899203e+00,6.239459777591070733e+00
4.324877482295732989e+00,8.952515276798937549e+00
4.330127511316064215e+00,6.492998804438551375e+00
4.338613548570032563e+00,1.827301364845220988e+00
4.354804888042878019e+00,4.941836640044949824e+00
4.355244776410376772e+00,7.559983096983580175e+00
4.360824119915127639e+00,-6.805876424094976507e+00
4.374672108742544197e+00,6.823923301377607942e-01
4.381916093803227774e+00,9.919787408133661444e+00
4.384546914912336391e+00,5.054266604874754876e+00
4.387255814731108927e+00,2.685717462328413685e+00
4.393277581606122695e+00,3.082007608211272842e+00
4.394831933480055852e+00,9.605056874372834841e+00
4.413217902586000996e+00,7.617227676171808071e+00
4.431675015974492204e+00,3.520101027416727035e+00
4.431961388521718170e+00,1.939980142046371814e+00
4.447516099127449607e+00,-4.859338286518903871e-01
4.454241455041869635e+00,-4.215381619143606429e+00
4.465124728853392178e+00,7.016974428561502997e+00
4.465825176990836809e+00,5.780272788048122834e+00
4.505062695071277545e+00,4.971781311315531582e+00
4.507617665013327723e+00,4.269910609784657751e+00
4.520268171675718705e+00,3.629798219625346434e-01
4.533291355236533704e+00,7.091793221035729289e-01
4.534194926222364863e+00,1.947398739497862241e+00
4.545803695160745228e+00,9.593460829569742998e+00
4.555948883630493107e+00,8.002536238220407938e+00
4.556825392889648718e+00,2.277113453691299583e-01
4.558220219050483024e+00,3.014357656076742220e+00
4.559341694047952309e+00,4.177352714178066861e+00
4.562254093519888087e+00,1.311930264056998752e+01
4.579165918542395630e+00,1.140664348344731494e+01
4.580948331451470956e+00,1.041487670706284874e+01
4.582500993992360883e+00,-4.653084782103197981e+00
4.607997384641313587e+00,6.997450891196228540e+00
4.614695481085039575e+00,9.046814657367040269e+00
4.635293442031690248e+00,1.408890765266908751e+01
4.648400378906750063e+00,9.927423705351090533e+00
4.651255536661467183e+00,2.711585240591509294e+00
4.657186682997064509e+00,3.326937870769813177e+00
4.688365157367273994e+00,1.031272097368156793e+01
4.724278379967921104e+00,6.823368801334632749e+00
4.724647786618896284e+00,6.669010437679757430e+00
4.733587068557385535e+00,5.977432015318752789e+00
4.776884452015882410e+00,2.357161799739686536e+00
4.823090554115434969e+00,5.860508894465255025e-01
4.832695517031394772e+00,7.830408565215197569e+00
4.856240305484115005e+00,1.870944414464802641e+00
4.878642263854409578e+00,2.991577772672011637e+00
4.884464808957316606e+00,7.693810887134459264e+00
4.891071361264074824e+00,1.153590392934386699e+01
4.909546087572936202e+00,3.402098407657041967e+00
4.944808666438122557e+00,8.198508432031438531e+00
4.952061887575701427e+00,1.183056411030056232e+01
4.952107185583638937e+00,1.168356031094050884e+01
4.952271266483228906e+00,4.238630568533720222e+00
4.954560073793206953e+00,4.830655709053413460e+00
4.966557771753351780e+00,3.085481738708923505e+00
4.972430847200096871e+00,-2.511553777398045639e+00
4.977855960777526789e+00,2.483736996700045552e+00
4.982404046810219533e+00,1.808929244853383800e+00
4.988474543729189747e+00,2.081590242698164950e+00
4.993106910581070146e+00,1.092406583143277388e+01
5.000222839932683350e+00,1.020940296992685781e+01
5.028987651786973601e+00,-2.282278163337814192e-03
5.029274399938320705e+00,4.817555574463954216e+00
5.031743417515154526e+00,1.304493561803892376e+01
5.033878380392504681e+00,1.818403335960457667e+00
5.040174792782096347e+00,1.004327149186754120e+01
5.058304697991877319e+00,1.185722462799986943e+01
5.064292532091236865e+00,1.275465501495535392e+01
5.068802224720929672e+00,-1.070645546930443892e+00
5.072581732547282840e+00,1.462490560361361247e+01
5.080366526504533020e+00,5.160912318875549687e+00
5.098491249367883782e+00,8.865756000914652546e+00
5.133359571630975893e+00,9.666452779291772046e-01
5.133856751968464138e+00,7.950433308483590089e+00
5.134661122971234448e+00,1.069138945575648592e+01
5.134957563174503470e+00,1.251368444805719804e+01
5.150357861589065500e+00,1.094203528401059700e+01
5.159254232212663105e+00,5.757425317333348502e+00
5.161381933353604623e+00,-8.943822014333591142e-02
5.161778382560660461e+00,3.380922579838712139e-01
5.171929823791830749e+00,3.345867481113657060e+00
5.189659788028203380e+00,-1.267473221549563434e+00
5.231531727008054133e+00,6.732400919563555242e+00
5.234394467601868328e+00,3.606835471554821648e+00
5.235786260020781846e+00,3.675686036128578138e+00
5.269287531181402251e+00,1.215405132209427208e+01
5.271280846790174834e+00,1.195519246950462033e+01
5.275496753252833848e+00,-2.071059457658780190e+00
5.288564095740854398e+00,2.216063838754016047e+01
5.292745254805039323e+00,1.312103456669208157e+01
5.304377782690602672e+00,-1.133556631365085110e+00
5.305650180138659522e+00,-2.092182976498549785e+00
5.308048543998315161e+00,5.874957863446663708e+00
5.353295575833255882e+00,2.405638010651695247e+00
5.355410552238409672e+00,9.178353020531870854e+00
5.357777936017555476e+00,6.458422926661220309e+00
5.367748754709346315e+00,8.429417952131069924e+00
5.372065473035611660e+00,7.178116406509614578e+00
5.382072967553720666e+00,1.221637654304722709e+01
5.397329360506763152e+00,5.249970189605074111e+00
5.417156393093902622e+00,5.364311329425808239e-01
5.418036032840863214e+00,9.942433515197528493e+00
5.426242922233811328e+00,1.155527342127235357e+01
5.429862742334861991e+00,7.591180330850107794e+00
5.430151774279448063e+00,-5.079576141221888719e-01
5.453069274701483948e+00,1.367361183946329461e+01
5.453117305582169116e+00,1.131639238944321235e+01
5.463248889273173425e+00,8.094150916074500657e+00
5.468861871291438526e+00,1.021139947008174431e+01
5.476004486909861413e+00,5.127720682270326513e+00
5.488238587222390663e+00,6.226427878919812642e+00
5.502217771517848632e+00,7.575231273825561829e+00
5.510047124612392544e+00,1.270231276894983097e+01
5.534803637942125043e+00,4.912774403683059177e+00
5.537987148864066178e+00,1.183019058845458460e+01
5.542077535650744124e+00,2.999286699940422629e+00
5.542863051852328304e+00,1.080428210465429473e+01
5.581781876327421621e+00,1.163057334457538339e+01
5.589885745720213350e+00,8.929689352397673474e+00
5.615244534952413602e+00,7.343205412093948503e+00
5.629804464784724516e+00,-1.539188580008241658e-01
5.632782714720598882e+00,6.461774516540971902e+00
5.636649111923563105e+00,3.092207838593549418e+00
5.647122791311803169e+00,6.813584131382987685e+00
5.650401354544633215e+00,1.744259376349651092e+01
5.656840186257148240e+00,9.769284017092624950e+00
5.661983291935500873e+00,8.038815575744408193e+00
5.664851112749826889e+00,2.129062072523983318e+01
5.667865566132487487e+00,1.124904297247750584e+01
5.670410577166304478e+00,1.351058385892192781e+01
5.673277220680967403e+00,9.151190652473600196e+00
5.678531791876747725e+00,9.508816993827647224e+00
5.693339323199174906e+00,3.632210137166870467e+00
5.698986526130126684e+00,1.167669811958628046e+01
5.703974429447250749e+00,1.118654091437201714e+01
5.711472963814479442e+00,6.597917602840842832e+00
5.727361565111008801e+00,6.223652684991032302e+00
5.733310448649449498e+00,1.688229671138595478e+01
5.769183095090958169e+00,1.235520811493329241e+01
5.774148326463741654e+00,6.409048008979393529e+00
5.790762702854589605e+00,9.428165713787739932e+00
5.791272783455334583e+00,3.615290784744267683e+00
5.835614064764084397e+00,1.151377579467310319e+01
5.844200533464178449e+00,1.681532447835095923e+01
5.856216687505138019e+00,4.561688808717304866e+00
5.859079961557450922e+00,3.001239727113061306e+00
5.867444506321222164e+00,4.009688251470313602e+00
5.873308996351816802e+00,3.862956350913040460e+00
5.880076508578182981e+00,3.334496724575596538e+00
5.880947945895704798e+00,1.361731169015235565e+01
5.881472737303573339e+00,1.191511129751118858e+01
5.883228460420656170e+00,4.940671428636787432e+00
5.895440706738696690e+00,9.747191050092688158e+00
5.897071118219892050e+00,1.207642430335667605e+01
5.898692712818419892e+00,5.556218337260077966e+00
5.913124817798150801e+00,9.414685431139018235e-01
5.913312079218706607e+00,8.061765453746573939e+00
5.914186629800952666e+00,1.279376455235200005e+01
5.915857693958908925e+00,9.557427399657177247e+00
5.920407871798519572e+00,3.278910200462394897e-01
5.925899672279316910e+00,1.119736264238341228e+01
5.953847779065025492e+00,-3.741681835966629066e+00
5.977628375376435876e+00,4.512324357359613458e+00
5.979081128392332189e+00,1.438675293807658662e+01
5.990121143013746874e+00,9.924645549844695935e+00
5.999116656656267033e+00,8.542299735270326266e+00
6.008820725074031976e+00,6.421649595548158729e+00
6.021741644139060767e+00,1.124865479308805583e+01
6.024027727901350993e+00,3.405398643316863705e+00
6.030822973765435968e+00,3.119090043949068303e+00
6.033541313741448420e+00,1.451671529925932269e+01
6.044895833513934669e+00,2.303363918905690255e+01
6.047799641907067425e+00,8.068358284226430754e+00
6.048333540164007260e+00,2.080371502110998705e+01
6.053209372782252018e+00,1.709890250128021805e+01
6.056429127213430519e+00,8.376981354729936768e+00
6.059001776568685216e+00,1.229610789447289321e+01
6.066048933070426585e+00,1.177677893507896734e+01
6.085086886958715802e+00,1.361952275263492851e+01
6.086539397091358161e+00,1.039074802905001427e+01
6.107591106422835203e+00,1.046318011155091199e+01
6.112493203945337683e+00,6.523625204667953703e+00
6.128040508045929258e+00,1.326199466100634439e+01
6.137243157383172054e+00,5.457231297150423543e+00
6.137578940267128580e+00,1.962030224057583894e+01
6.152587910300095331e+00,-1.704924506395796513e+00
6.153324442119709303e+00,-1.381415694994691634e+00
6.163783229261343699e+00,9.505772621683007628e+00
6.163843769711855103e+00,1.460327089812383861e+01
6.226948868209638555e+00,1.972460459432523550e+01
6.234886781989157356e+00,1.480758449919473918e+01
6.249559186244509235e+00,3.624453759754686644e-02
6.266049092311073210e+00,1.448674939877007084e+01
6.277324062776115099e+00,3.148534777493670944e+00
6.298665052991403002e+00,8.737230436709609194e+00
6.326539827205684752e+00,1.629757293721541700e+01
6.327476471515498524e+00,9.551426072202982454e+00
6.336009201805739899e+00,1.119704707653414211e+01
6.343144361523926911e+00,1.451113773720994793e+01
6.357996341073906876e+00,7.014426690340143544e+00
6.361890444550246215e+00,1.888256073760961584e+01
6.368640762023466628e+00,1.376474401173736162e+01
6.382445852619785143e+00,1.107032385782607875e+01
6.389396041594277875e+00,1.796918076985970458e+01
6.389733016142025157e+00,3.225723408852169349e+00
6.415142196980953671e+00,1.542379632239741838e+01
6.433177882128823022e+00,2.604036124801702101e+00
6.436920224965383852e+00,1.689451396264359317e+01
6.437204081920327781e+00,6.567788220186790760e+00
6.440436802758910950e+00,8.582736932139793495e+00
6.446487583448464953e+00,7.398186710806370137e+00
6.451089398616672632e+00,9.411645637374709494e+00
6.456481492960230995e+00,1.895098630920135108e+01
6.459674063498605179e+00,1.824351013063883897e+01
6.483327457171451869e+00,8.242325764837103108e+00
6.486264050118178304e+00,1.195053615378307477e+01
6.490461456003536966e+00,8.348356016246594180e+00
6.497071434114209509e+00,6.280227331967011217e+00
6.500237854525861003e+00,1.256369965545290768e+01
6.501692816382629303e+00,1.031323719381940407e+01
6.501994248777348773e+00,1.246631440287646164e+01
6.503165240037411365e+00,1.372003672326609625e+01
6.511166357223141077e+00,8.478940813805499133e+00
6.512987665196540377e+00,6.747956113266421418e+00
6.520920343953920728e+00,5.500727953051972818e+00
6.542981366345652638e+00,8.782303765340142121e+00
6.545337199611531709e+00,1.859639041081630140e+01
6.547279112000015999e+00,9.228219150756618916e+00
6.547318361408850151e+00,6.826603311712581501e+00
6.551790921248127120e+00,3.973780230577748540e+00
6.553185808185802763e+00,6.987880201656897050e+00
6.554513521498993356e+00,1.197239442275383681e+01
6.555640563054042858e+00,1.375185222604003066e+01
6.559759783265130650e+00,1.970941105122511061e+01
6.565613905376888049e+00,1.700414603434564853e+01
6.568058440415956767e+00,5.534229904548515044e+00
6.588664617785605415e+00,1.325925114348813239e+01
6.607968517649798201e+00,7.554522691271578161e+00
6.612744846627234274e+00,1.262307413858671090e+01
6.628421400616079318e+00,5.037389581901338786e+00
6.630908129123653794e+00,9.459965418753135680e-01
6.637126961903238254e+00,2.010456315531215665e+01
6.655325928994420437e+00,1.594843956672985641e+01
6.656508419537789045e+00,1.919561409712708411e+01
6.662279322135287174e+00,1.428595287413609327e+01
6.679947274201697205e+00,1.708578724380463498e+01
6.686191036666580878e+00,1.164808499659675789e+01
6.686476490595514299e+00,2.127996786666831852e+01
6.687245078873119475e+00,1.927184588976447799e+01
6.691555955088769991e+00,1.473179418737172952e+01
6.697607301997603457e+00,8.667261272692480034e+00
6.705456528202866195e+00,2.256597860004827538e+01
6.737293246549890036e+00,1.201649976466589109e+01
6.796877138448007116e+00,1.212536198353862815e+01
6.809368809879190465e+00,1.731245033153637891e+01
6.813585366109223607e+00,1.531905356629905413e+01
6.814800498187731925e+00,1.826841303662201454e+01
6.816727354886662482e+00,7.496407761834089634e+00
6.823844302147619167e+00,1.718831078475438900e+01
6.828163408168128612e+00,1.258937335598068152e+01
6.837593698203855652e+00,1.516638057835868914e+01
6.847937549000548074e+00,1.657635593015828945e+01
6.870176580599421712e+00,5.984578970440987078e+00
6.877373247450949911e+00,1.606737173069032920e+01
6.880222395159952598e+00,1.442193592106328559e+01
6.896285791180259750e+00,1.433506096478469161e+01
6.907292316482668504e+00,4.143181934194444693e+00
6.914976345748211628e+00,4.512150187539564428e+00
6.920425323284423058e+00,1.387785716575713124e+01
6.928996917682016310e+00,3.333230539879492227e+01
6.929269165980934453e+00,1.271004762858448700e+01
6.962068833993368067e+00,1.789092242034946523e+01
6.964798068424340016e+00,1.302300422906833255e+01
6.975884998939751114e+00,1.621951340499522942e+01
7.006580177595738590e+00,9.403413297907778912e+00
7.010984037913466693e+00,1.377785325119110560e+01
7.059473242753515621e+00,1.179475181513302218e+01
7.072107230001758893e+00,1.314303802998098725e+01
7.080154062212196564e+00,1.824580378709568862e+01
7.082261485758239772e+00,1.636599029122517734e+01
7.097028216879825102e+00,6.650612982832470266e+00
7.106555991576261277e+00,1.541513842848584126e+01
7.128195073017581151e+00,1.752803841721269862e+01
7.136885058071701593e+00,1.558254098448204772e+01
7.143243425732036300e+00,1.154504483126010861e+01
7.160578846239551432e+00,1.813888003480792577e+01
7.165540450027698682e+00,2.252353256044533580e+01
7.168934045183879888e+00,1.656515374312680322e+01
7.171498246179766944e+00,2.369960245762429452e+01
7.194525125991688697e+00,7.736451793484130590e+00
7.204866724515051501e+00,1.551601699870451867e+01
7.230419141367256941e+00,2.062558186071174759e+01
7.232718386574320313e+00,1.898767217308002841e+01
7.245760007841303363e+00,1.598995130340879278e+01
7.274012260296891519e+00,1.412519658747430640e+01
7.288168555867880372e+00,2.268164296986086015e+01
7.336570537024684313e+00,1.278726468811041173e+01
7.357046023975655658e+00,1.276671759081780166e+01
7.372800789966427182e+00,1.471440181088522969e+01
7.378401296830727318e+00,1.307442863045236336e+01
7.396171421133370671e+00,3.656555948440301407e+00
7.401776352502007938e+00,1.465050306056801688e+01
7.414619619735098865e+00,1.558615371717518272e+01
7.423486068682380257e+00,1.634500601316937463e+01
7.428084673269495397e+00,2.003801244316480634e+01
7.434447309462973053e+00,1.635724263022604674e+01
7.451674568275644894e+00,2.201449899822980072e+01
7.451794651515367462e+00,2.660294635026787802e+01
7.455016833905576235e+00,2.465692852600743379e+01
7.475929150312535576e+00,2.230553579764833572e+01
7.482490523313646946e+00,2.083691215390122409e+01
7.489021848400962966e+00,2.745570879304695922e+01
7.491950031873374272e+00,2.236885981749393792e+01
7.517983924533445439e+00,1.687731428568147152e+01
7.523194529606294978e+00,1.965693543829355150e+01
7.530196679490450684e+00,1.313778542797466642e+01
7.551965739615806861e+00,2.018755680125904561e+01
7.566747808420134724e+00,1.925968599487150357e+01
7.570988758675934349e+00,2.448068243130862243e+01
7.572909568238200606e+00,1.875126722254767841e+01
7.603138546013586740e+00,1.548108932018313944e+01
7.630775699476552987e+00,1.524734697211457402e+01
7.631187685359868134e+00,9.338748535300343434e+00
7.636455930303551298e+00,1.598122079764824122e+01
7.637868201542326041e+00,1.167657437497177852e+01
7.639153750495396800e+00,1.705676182498984517e+01
7.655094939373759289e+00,1.890688828794018761e+01
7.666507220009961543e+00,1.881211653270065653e+01
7.672356580638527213e+00,2.469304505529973426e+01
7.679972534004281037e+00,2.216664625182855630e+01
7.693850504902077780e+00,2.355111583102632622e+01
7.704407888946741778e+00,2.900278238400245812e+01
7.714025055048816526e+00,1.586139801166654628e+01
7.716431886597101553e+00,2.300287760734395448e+01
7.721577646340161749e+00,1.379087125273469638e+01
7.721976307914827586e+00,2.348090458762687405e+01
7.725787657908862016e+00,1.874166226857219897e+01
7.747498039124847580e+00,1.241316992909885464e+01
7.748456953560623361e+00,1.264204760034865238e+01
7.777949137742511176e+00,1.432054091643195370e+01
7.779736350699182346e+00,1.683227714384416629e+01
7.787952080012412459e+00,1.587446343433218487e+01
7.800221490354417142e+00,1.874285494771346450e+01
7.840862699748695874e+00,1.836381201416818953e+01
7.844408047570191833e+00,2.173273518378810110e+01
7.860635712046340373e+00,3.363050589566184101e+01
7.874602610935284908e+00,2.232036831402100319e+01
7.880466432799662968e+00,1.638374509888054575e+01
7.885277855885451714e+00,2.088060319647156504e+01
7.888488303174769456e+00,2.810176029538672893e+01
7.915185952545407133e+00,2.316126503715410578e+01
7.918004867095250532e+00,2.152762144478516149e+01
7.918780423105120647e+00,2.428590454038729618e+01
7.929435886370558961e+00,1.619784197954900407e+01
7.959435784206901232e+00,1.922216395276263157e+01
7.972863466853672421e+00,1.901126943809874348e+01
7.975034748715988719e+00,1.286157517232005887e+01
7.986431012475696534e+00,1.834437173251563635e+01
7.987738564804351071e+00,2.746090952767973903e+01
8.003010350976037302e+00,3.061111735508641374e+01
8.025591114762754330e+00,1.782428640773462547e+01
8.031473344291892857e+00,2.132680072171280727e+01
8.038213055098939464e+00,2.906122812598793459e+01
8.059836160255674287e+00,1.625801212257410455e+01
8.063640403653707267e+00,1.921164711873411335e+01
8.094864654004359394e+00,3.188339898317048338e+01
8.132260795316568647e+00,2.395865387785191558e+01
8.133885417082831637e+00,1.248789535276461748e+01
8.134969641394558693e+00,2.561224303796673496e+01
8.141030132681004616e+00,1.851477768656208411e+01
8.148546140758448075e+00,3.078720836741833367e+01
8.157295624418008373e+00,2.315658818406214081e+01
8.163763152580056470e+00,2.667610624493269000e+01
8.163999872517267775e+00,2.881506047911352297e+01
8.175345350616971984e+00,2.884975649036307033e+01
8.176600130980704151e+00,2.870213451800763949e+01
8.185271044446903232e+00,2.215297880676721221e+01
8.198434112264497031e+00,2.327670114188762795e+01
8.216751672079865898e+00,3.122158401266677430e+01
8.218207365833885447e+00,2.533396759316200075e+01
8.237251589550769637e+00,3.271155908218313613e+01
8.241154063301662447e+00,2.843723867145364181e+01
8.242563305875133750e+00,3.188698489609077313e+01
8.249547304712075757e+00,2.843245220077969648e+01
8.254285872969397531e+00,2.269041103629316325e+01
8.273027313926672122e+00,2.329793916482841354e+01
8.275008392887849951e+00,2.425513251350889377e+01
8.291958712257446962e+00,1.972080905461473321e+01
8.298241841108529471e+00,2.305991164664345661e+01
8.334534874205724364e+00,2.641557098363464817e+01
8.337995121137840471e+00,3.401739246467631972e+01
8.340160488707640596e+00,2.291367700000144580e+01
8.368598598801108679e+00,1.912348044000688674e+01
8.375367613029258251e+00,3.634754304877758102e+01
8.387272162988830715e+00,2.479080612813991635e+01
8.387519354971125551e+00,2.372292243331837369e+01
8.401920520599100328e+00,2.573460571025343313e+01
8.433961505281018844e+00,2.670274931560254217e+01
8.445763930743485304e+00,2.962972175034258271e+01
8.452436826473407550e+00,3.188019128789945356e+01
8.459863912895395188e+00,2.636933944738437319e+01
8.460453086056462624e+00,3.260295229229814851e+01
8.460775057002695831e+00,2.861712361549790273e+01
8.468000997123072082e+00,2.713857179656215735e+01
8.513093311955493903e+00,2.388278549140326490e+01
8.531645515305100957e+00,3.083736987914925365e+01
8.558008277590040791e+00,2.946616146303513872e+01
8.567331245179431676e+00,2.723356173869366614e+01
8.582693303723393896e+00,3.668565247181400935e+01
8.585822835405419795e+00,2.673085673541980611e+01
8.594123353552006961e+00,3.053218818528258893e+01
8.604954100537096195e+00,2.854934355717822925e+01
8.605391526246551237e+00,3.775755045601457027e+01
8.610485010862392485e+00,2.328582343614625216e+01
8.621835518522306785e+00,2.509788045890313768e+01
8.624357636781576630e+00,2.345350627925204279e+01
8.635990258084101256e+00,4.161441890788299958e+01
8.642449604647845618e+00,2.640444739845884570e+01
8.646131390209530920e+00,2.948725359055293893e+01
8.653916175238563824e+00,3.756255965157367172e+01
8.662780715650557184e+00,2.541508889927931847e+01
8.678347989089266079e+00,3.580616798340913931e+01
8.688063080049358788e+00,2.925506752195051163e+01
8.689882867754132434e+00,2.965563937617989154e+01
8.693222432699096558e+00,3.610279576205405050e+01
8.699101776648832995e+00,3.338033188233330151e+01
8.706983346942804403e+00,3.047723963442621908e+01
8.707425115779114932e+00,3.076964290760960097e+01
8.712015497625481331e+00,2.941681115456328044e+01
8.715680470791026480e+00,1.646145516432221001e+01
8.723856008045551391e+00,3.160204358732561403e+01
8.726245975581486292e+00,4.114093377896507775e+01
8.726317901615400885e+00,3.179435510901375750e+01
8.737537143792263095e+00,2.639276162653629498e+01
8.833892883185551881e+00,4.192104261504141505e+01
8.850728609688772508e+00,2.653658243052571208e+01
8.875064179868868308e+00,3.652977764898434287e+01
8.895291081661806487e+00,3.530021046446427135e+01
8.903333268963395497e+00,3.172252662960171321e+01
8.909567462002003779e+00,3.116203369719913852e+01
8.927693794615496614e+00,3.668155079849304911e+01
8.942981458924636584e+00,4.028046379129538934e+01
8.944005921463013209e+00,2.831061341638901752e+01
8.985109482346567589e+00,3.251420043146938355e+01
8.995021127045518483e+00,4.161993029228693786e+01
9.004921363732258044e+00,3.317270396667854016e+01
9.032558183876025382e+00,4.657904937128382983e+01
9.050455918803853805e+00,3.789484516726449925e+01
9.068146345130305264e+00,3.729124371717586683e+01
9.081323525991301437e+00,3.926076521309534684e+01
9.091201428298127496e+00,3.158634863557255557e+01
9.105493411136446724e+00,3.608950903673899546e+01
9.117603347646735301e+00,3.568947647899292264e+01
9.118976381891396699e+00,3.943146601342737512e+01
9.125883851930288060e+00,3.360700024688377141e+01
9.166683049091584934e+00,3.647157296624008893e+01
9.168742499693770753e+00,3.649372292486312830e+01
9.169933691884374127e+00,4.362857640644121204e+01
9.178103969192127565e+00,3.978220108365733410e+01
9.182218861278375499e+00,3.687422454183847975e+01
9.187076137518339181e+00,4.425341854108430084e+01
9.214692787365665438e+00,2.983706392132267737e+01
9.216318358112895126e+00,3.483954502377387996e+01
9.218126214225272008e+00,4.356464902863578459e+01
9.222880343154443494e+00,3.118263801861727202e+01
9.249373302005816200e+00,3.275258112240355501e+01
9.254193804566792636e+00,4.063004162290791754e+01
9.254852908852051030e+00,3.372346043449820741e+01
9.258004334931502655e+00,4.041661414905490801e+01
9.265105477348358320e+00,4.570662756361261359e+01
9.266150187868063881e+00,4.358304180712889320e+01
9.298506053386518033e+00,3.474163439376848572e+01
9.298882778536349036e+00,3.715216683833396871e+01
9.304506082796876854e+00,4.724941576248708941e+01
9.329442434610145440e+00,3.448518502620754589e+01
9.329968109987126113e+00,3.511199513272782724e+01
9.360741202709840891e+00,4.451882659924231689e+01
9.367115065514507677e+00,3.807146041865676267e+01
9.376571508080802531e+00,4.265702469725948731e+01
9.376810026638450424e+00,4.249715645124810948e+01
9.384481185978820861e+00,3.680861909965772583e+01
9.395976197963381793e+00,4.502003929476096999e+01
9.401369590374043739e+00,4.419353075551170207e+01
9.404419379774731524e+00,3.563950359695175507e+01
9.413338567340673535e+00,4.158731743013189686e+01
9.418276962896079851e+00,5.082496646761116921e+01
9.421589951843479582e+00,4.051395786293434753e+01
9.423588695382406399e+00,4.384809439456697788e+01
9.435855474884851546e+00,4.362188479581295297e+01
9.438937309250846397e+00,4.922161718135279784e+01
9.461534206075402409e+00,3.886224198634084104e+01
9.486478546463148476e+00,4.271917218563341834e+01
9.487281229707932084e+00,4.078723371950352572e+01
9.509193674674506269e+00,4.124986333991385834e+01
9.509464868647867775e+00,4.168803094976601642e+01
9.520138787559314864e+00,4.317582587019506946e+01
9.524948165803554190e+00,4.898588777212975032e+01
9.534030718612795496e+00,4.509093000595284906e+01
9.535325166969286670e+00,3.775888561734388560e+01
9.551811869529890586e+00,4.407633922469189969e+01
9.554302907357863361e+00,3.932874781688645527e+01
9.560043305254291468e+00,4.831316163191748814e+01
9.573586493698293509e+00,4.448247880804210297e+01
9.576455718355564528e+00,4.182734515268473530e+01
9.591100614736729923e+00,5.280357978615167269e+01
9.595306116504062288e+00,4.196781514856252926e+01
9.627227463261219143e+00,4.613924304278692290e+01
9.633839552660361960e+00,4.884211902208890876e+01
9.669117730591080928e+00,4.772108252401288553e+01
9.690918118650598601e+00,4.081433009325115080e+01
9.702880447599186553e+00,4.375455176582153172e+01
9.715134449606452449e+00,4.975679226629267049e+01
9.731756035256562853e+00,4.549587087605503655e+01
9.736391608766398420e+00,4.225725873194742377e+01
9.741772153445165117e+00,5.426033889536510202e+01
9.743023164143414405e+00,5.058242642978766668e+01
9.751063240598341508e+00,4.146703448509377665e+01
9.756328470866645119e+00,4.441461184612817448e+01
9.766930097177962011e+00,4.762034555386754420e+01
9.770451230779798379e+00,4.545060228915485823e+01
9.776100701149237793e+00,4.346957066147528792e+01
9.792367292692871317e+00,4.277273363031365960e+01
9.816570211779600541e+00,4.143139866801394078e+01
9.833001472252348663e+00,4.763750826618629475e+01
9.834828673850841696e+00,4.069668639506272712e+01
9.837767925058548357e+00,4.990542746879788183e+01
9.844303910166061655e+00,4.858638170686148783e+01
9.857638188323914363e+00,5.034065640636976724e+01
9.861025583226464164e+00,4.639776337441587373e+01
9.882757024143527858e+00,4.272871481795349524e+01
9.901738545466940877e+00,4.579948847760459785e+01
9.918147208057281006e+00,5.343734179203789836e+01
9.919163452264822212e+00,5.563322787771737410e+01
9.923868819203278235e+00,5.359175132667512997e+01
9.927739625253334310e+00,4.814072703555639521e+01
9.942549024441158068e+00,4.835218706759677332e+01
9.944432996821271686e+00,5.172312339109383572e+01
9.949607076580987197e+00,4.537044590600301319e+01
9.950394329066417853e+00,3.764109027262064444e+01
9.952464432889691182e+00,5.570070689429899602e+01
9.966800491163299469e+00,5.156837172474345721e+01
9.978196502067760321e+00,4.973524264355864233e+01
9.982994449729350350e+00,4.977649765050009734e+01
9.996324036149120573e+00,5.148172398127210414e+01
9.997049595056866522e+00,5.603769763892159261e+01
9.998008287970833408e+00,6.628005434962601328e+01
